{
  "Workflows": [
    {
      "Path": null,
      "SortBy": 0,
      "VariablesSectionElementsOrder": [],
      "ArgumentsSectionElementsOrder": null,
      "ConstantsSectionElementsOrder": [],
      "AddedNamespaces": null
    },
    {
      "Path": "Main.xaml",
      "SortBy": 0,
      "VariablesSectionElementsOrder": [
        "c&Sequence_16",
        "d&Sequence_17",
        "images&Sequence_1",
        "variable1&Sequence_1",
        "JResponse&Sequence_2",
        "Jobj&Sequence_2",
        "str_otput&Sequence_2",
        "input&Sequence_2",
        "obj&Sequence_2",
        "Array&Sequence_2",
        "Array1&Sequence_2",
        "Array2&Sequence_2",
        "Array3&Sequence_2",
        "a&Sequence_12",
        "b&Sequence_15"
      ],
      "ArgumentsSectionElementsOrder": [],
      "ConstantsSectionElementsOrder": [],
      "AddedNamespaces": null
    }
  ]
}